url_length,has_ip,subdomain_count,suspicious_tld,form_count,input_count,external_links,hidden_elements,urgency_keywords,countdown_timers,fake_notifications,has_https,popup_count,url_entropy,domain_age_days,redirect_count,domain_changed_on_redirect,has_mx_record,has_spf_record,has_dmarc_record,typosquat_score,closest_brand,js_obfuscation_count,ssl_days_remaining,ssl_self_signed,label
37,0,1,0,0,1,0,0,0,0,0,1,0,4.0441,-1,0,0,0,0,0,0,target.com,0,80,0,1
49,0,1,0,0,0,5,0,0,0,0,1,0,4.362,9,0,0,0,0,0,0,coinbase.com,0,89,0,1
49,0,1,0,0,0,0,0,0,0,0,0,0,4.1987,-1,1,0,0,0,0,0,target.com,0,-1,0,1
36,0,1,0,0,1,1,0,0,0,0,0,0,4.128,4807,2,0,0,1,0,1,github.com,0,-1,0,1
25,0,1,1,1,1,5,0,0,0,0,0,0,3.8937,1741,0,0,1,1,0,0,google.com,0,-1,0,1
32,0,1,0,0,0,1,0,0,0,0,1,0,4.0542,4747,0,0,1,0,1,0,netflix.com,0,50,0,1
68,0,1,0,1,3,0,0,0,0,0,1,0,4.3925,4807,0,0,0,1,0,1,github.com,0,59,0,1
27,0,0,0,0,0,12,0,0,0,0,0,0,3.8842,56,1,0,1,1,1,0,wikipedia.org,0,-1,0,1
36,0,1,0,1,2,14,0,0,0,0,0,0,3.9404,4807,2,0,0,1,0,1,github.com,0,-1,0,1
47,0,1,0,0,0,5,0,0,0,0,1,0,4.0805,6,0,0,0,0,0,0,coinbase.com,0,89,0,1
49,0,1,0,0,0,5,0,0,0,0,1,0,4.1967,4,0,0,0,0,0,0,coinbase.com,0,89,0,1
33,0,1,0,0,0,3,0,0,0,0,1,0,4.0438,4552,0,0,1,1,0,0,reddit.com,0,168,0,1
33,0,1,0,0,0,0,0,0,0,0,1,0,4.1421,-1,0,0,0,0,0,0,target.com,0,80,0,1
49,0,1,0,0,4,8,0,0,0,0,0,0,4.6477,401,1,0,0,0,1,0,apple.com,5,-1,0,1
34,0,0,1,1,5,8,4,0,0,0,1,0,3.8522,27,1,0,0,0,0,0,chase.com,0,74,0,1
39,0,1,0,0,2,0,0,0,0,0,1,0,4.0191,-1,0,0,0,0,0,0,target.com,0,80,0,1
35,0,1,0,0,0,0,0,0,0,0,1,0,3.9929,-1,0,0,0,0,0,0,walmart.com,1,69,0,1
19,0,0,1,1,3,2,3,0,0,0,1,0,3.2608,13,1,1,0,0,0,0,amazon.com,0,76,0,1
43,0,1,0,1,1,26,0,0,0,0,0,0,4.2047,4552,1,0,1,1,0,0,reddit.com,0,-1,0,1
28,0,1,0,0,0,0,0,0,0,0,1,0,4.1106,552,0,0,1,1,0,0,yahoo.com,0,72,0,1
42,0,3,0,3,28,6,22,0,2,11,1,0,4.2252,4772,0,0,1,0,0,0,telegram.org,4,42,0,1
57,0,3,0,1,3,0,0,0,0,0,1,0,4.1749,421,0,0,0,0,0,0,target.com,0,127,0,1
48,0,1,0,0,0,5,0,0,0,0,1,0,4.1395,4,0,0,0,0,0,0,instagram.com,0,89,0,1
60,0,1,0,0,0,0,0,0,0,0,1,0,4.6631,-1,0,0,0,0,0,0,target.com,0,44,0,1
61,0,0,0,0,0,0,0,0,0,0,1,0,4.6906,-1,0,0,1,1,1,0,google.com,0,44,0,1
72,0,2,0,1,0,2,1,0,0,5,0,0,4.3738,-1,0,0,0,1,1,0,twitter.com,0,-1,0,1
85,0,0,0,1,8,2,3,0,0,0,1,0,4.9794,-1,0,0,1,1,1,0,facebook.com,0,36,0,1
73,0,2,0,0,0,0,0,0,0,0,1,0,4.9802,-1,0,0,0,1,1,0,twitter.com,0,74,0,1
44,0,1,0,0,0,0,0,0,0,0,1,0,3.9085,-1,0,0,0,0,0,0,target.com,0,86,0,1
41,0,2,0,1,0,2,1,0,0,5,1,0,4.2899,-1,0,0,0,0,0,0,target.com,0,87,0,1
28,0,1,0,0,1,0,0,0,0,0,0,0,3.9408,181,1,0,0,0,0,0,google.com,0,-1,0,1
29,0,1,0,0,0,0,0,0,0,0,0,0,3.8799,45,1,0,1,1,1,0,paypal.com,0,-1,0,1
30,0,0,0,3,7,95,59,0,0,0,0,0,4.2981,-1,1,0,0,0,0,0,bankofamerica.com,0,-1,0,1
18,0,0,0,1,8,2,33,0,2,0,1,0,3.5724,10461,1,0,1,1,1,0,google.com,14,66,0,0
20,0,0,0,0,0,0,0,0,0,0,1,0,3.7842,10631,1,0,1,1,1,0,facebook.com,0,7,0,0
19,0,0,0,0,1,6,16,0,1,0,1,0,3.6819,7751,1,0,1,1,1,0,google.com,133,66,0,0
18,0,0,0,0,0,0,0,0,0,0,1,0,3.6144,11510,1,0,1,1,1,0,amazon.com,0,195,0,0
21,0,0,0,1,3,18,2,0,1,0,1,0,3.8802,9245,1,0,1,1,1,0,wikipedia.org,0,60,0,0
19,0,0,0,1,1,4,1,0,0,0,1,0,3.5316,9602,1,1,1,1,1,0,twitter.com,1,51,0,0
21,0,0,0,0,0,0,1,0,5,0,1,0,3.7849,8007,1,0,1,1,1,0,instagram.com,57,7,0,0
20,0,0,0,2,4,11,19,0,0,0,1,0,3.9219,8586,1,0,1,1,1,0,linkedin.com,0,135,0,0
18,0,0,0,5,13,53,8,0,0,3,1,0,3.6835,6784,0,0,1,1,1,0,github.com,1,87,0,0
21,0,0,0,1,1,9,0,0,0,0,1,0,3.5585,12789,1,0,1,0,1,0,microsoft.com,1,158,0,0
17,0,0,0,1,5,92,4,0,0,0,1,0,3.5725,14322,1,0,1,0,1,0,apple.com,0,70,0,0
19,0,0,0,0,2,6,0,0,0,0,1,0,3.8924,10404,2,0,1,1,1,0,netflix.com,4,287,0,0
18,0,0,0,1,4,0,4,0,0,0,1,0,3.6835,7677,1,0,1,1,1,0,reddit.com,0,150,0,0
25,0,0,0,5,20,171,4,0,1,0,1,0,4.0235,8167,1,0,1,0,1,0,facebook.com,1,71,0,0
17,0,0,0,0,0,0,0,0,0,0,1,0,3.7345,9534,1,0,1,1,1,0,adobe.com,5,72,0,0
18,0,0,0,0,0,6,0,0,0,0,1,0,3.6835,10207,0,0,1,1,1,0,reddit.com,0,34,0,0
19,0,0,0,0,0,35,1,0,0,0,1,0,3.6819,11797,1,0,1,1,1,0,netflix.com,17,129,0,0
15,0,0,0,0,1,202,0,0,0,0,1,0,3.3736,13445,1,0,1,1,1,0,ebay.com,0,80,0,0
15,0,0,0,3,19,181,4,0,2,16,1,0,3.3736,11915,2,0,1,1,1,0,chase.com,19,58,0,0
23,0,0,0,2,11,296,2,1,0,0,1,0,4.056,11628,2,0,1,1,1,0,linkedin.com,0,185,0,0
18,0,0,0,19,19,18,1,0,1,9,1,0,3.7255,12012,1,0,1,1,1,0,adobe.com,2,219,0,0
21,0,0,0,0,0,5,0,0,0,0,1,0,3.7849,11908,1,0,1,1,1,0,google.com,1,139,0,0
19,0,0,0,0,0,0,0,0,0,0,1,0,3.5766,12026,1,0,1,1,1,0,twitter.com,0,188,0,0
15,0,0,0,0,0,0,0,0,0,0,1,0,3.5069,11669,1,0,1,1,1,0,chase.com,0,88,0,0
20,0,0,0,1,1,177,2,0,0,4,1,0,3.6842,11696,1,0,1,0,1,0,amazon.com,6,56,0,0
19,0,0,0,1,1,14,1,0,0,21,1,0,3.6819,12930,1,0,1,1,1,0,apple.com,2,189,0,0
20,0,0,0,1,2,63,0,0,0,9,1,0,3.4842,7727,1,0,1,1,1,0,outlook.com,0,202,0,0
20,0,0,0,0,0,119,1,0,0,15,1,0,3.9219,8673,2,0,1,1,1,0,binance.com,1,163,0,0
16,0,0,0,3,7,17,8,0,0,0,1,0,3.625,10571,1,0,1,1,1,0,office.com,6,30,0,0
15,0,0,0,2,2,150,3,0,0,0,1,0,3.5069,11542,1,0,1,1,1,0,adobe.com,0,80,0,0
20,0,0,0,1,1,169,3,1,0,0,1,0,3.6464,10039,1,0,1,1,1,0,target.com,0,80,0,0
17,0,0,0,0,0,93,1,0,0,0,1,0,3.8522,12221,1,0,1,1,1,0,twitter.com,3,198,0,0
22,0,0,0,2,2,69,1,0,1,0,1,0,3.5726,7635,0,0,1,0,1,0,chase.com,7,42,0,0
20,0,0,0,0,8,267,0,0,0,0,1,0,3.7842,8139,1,0,1,1,1,0,target.com,0,188,0,0
19,0,0,0,2,10,24,19,0,1,0,1,0,3.6819,8710,0,0,1,1,1,0,github.com,0,44,0,0
20,0,0,0,1,7,185,5,1,0,0,1,0,3.7219,7596,0,0,1,0,1,0,apple.com,0,34,0,0
16,0,0,0,1,2,719,2,1,0,7,1,0,3.4528,11751,1,0,1,0,1,0,chase.com,10,61,0,0
17,0,0,0,0,1,266,0,0,0,0,1,0,3.6901,11333,1,0,1,0,1,0,adobe.com,0,55,0,0
25,0,0,0,2,20,24,3,0,0,0,1,0,4.0039,8372,1,0,1,1,1,0,instagram.com,1,235,0,0
22,0,0,0,1,6,451,4,0,0,6,1,0,4.0049,7910,0,0,1,0,1,0,chase.com,0,44,0,0
19,0,0,0,0,0,21,0,0,0,0,1,0,3.7216,12431,1,0,1,0,1,0,google.com,1,64,0,0
20,0,0,0,0,1,24,0,0,0,0,1,0,3.8219,10391,1,0,1,0,1,0,discord.com,1,71,0,0
21,0,0,0,9,55,27,40,2,3,16,1,0,3.7849,9407,1,0,1,1,1,0,google.com,13,74,0,0
15,0,0,0,1,2,46,4,0,0,0,1,0,3.6402,10148,2,0,1,0,1,0,ebay.com,0,51,0,0
20,0,0,0,0,0,0,0,0,0,0,1,0,3.5842,11072,1,0,1,1,1,0,facebook.com,2,42,0,0
18,0,0,0,2,6,21,12,0,1,0,1,0,3.5724,8829,0,0,1,1,1,0,google.com,0,89,0,0
19,0,0,0,2,9,236,0,0,1,5,1,0,3.6819,12347,1,0,1,0,1,0,google.com,3,68,0,0
21,0,0,0,2,4,78,1,0,0,17,1,0,3.749,9866,1,0,1,0,1,0,google.com,0,83,0,0
28,0,0,0,2,4,81,1,0,0,10,1,0,3.9408,6875,1,0,1,0,1,0,google.com,0,52,0,0
